Workbook

Sheet Summary
A1: Vplan - counter_top register read/write directed tests
A2: Xuat tu doc/counter_top_vplan.md va ket qua chay thuc te cua tb/counter_top/test_bench.v
A4: IP / DUT | B4: counter_top (rtl/counter_top.v, register.v, counter.v)
A5: Pham vi | B5: Kiem tra kha nang doc/ghi register qua CPU bus, directed test, black-box qua rdata
A6: Vplan | B6: doc/counter_top_vplan.md
A7: Bench | B7: tb/counter_top/test_bench.v
A8: Cong cu | B8: Icarus Verilog 12.0 (iverilog -g2005 -Wall, vvp)
A9: Chua chay | B9: Verilator lint, xvlog/xelab/xsim, Vivado synthesis - khong co trong moi truong
A10: Ngay xuat | B10: 2026-09-30
A12: So lieu
A13: Tong so feature | B13: =COUNTA(Features!A2:A14) -> 13
A14: Tong so testcase | B14: =COUNTA(Testcases!A2:A9) -> 8
A15: Tong so check | B15: =COUNTA(Checks!A2:A155) -> 154
A16: Check PASS | B16: =COUNTIF(Checks!G2:G155,"PASS") -> 154
A17: Check FAIL | B17: =COUNTIF(Checks!G2:G155,"FAIL") -> 0
A18: Feature chua co testcase nao phu | B18: =COUNTIF(Traceability!J2:J14,0) -> 0
A19: Ket luan | B19: =IF(B13=0,"[FINISH] PASS","[FINISH] FAIL") -> [FINISH] FAIL
A21: Gia dinh / luu y
A22: - Clock 10 ns (100 MHz) la gia dinh cua bench - spec khong quy dinh tan so.
A23: - Cot 'Expected' o sheet Checks bang cot 'Actual' vi moi check deu PASS; voi check FAIL hai cot se khac nhau.
A24: - Moi o so lieu tren la cong thuc tham chieu cac sheet khac, khong phai so go tay.
A25: - So flip-flop (4) trong tai lieu la dem tren so do, khong phai so lieu synthesis.

Sheet Features
A1: ID | B1: Feature | C1: Nguon | D1: Testcase phu | E1: So check
A2: F01 | B2: Gia tri doc ve sau reset cua CR va SR | C2: spec §Register map, §Timing | D2: TC01, TC08 | E2: =SUMPRODUCT(--ISNUMBER(SEARCH(A2,Checks!$H$2:$H$155))) -> 6
A3: F02 | B3: Giai ma addr du 10 bit, khong alias (0x001-0x003, 0x005-0x007) | C3: proposal §4.1, O5 | D3: TC02 | E3: =SUMPRODUCT(--ISNUMBER(SEARCH(A3,Checks!$H$2:$H$155))) -> 7
A4: F03 | B4: Dia chi khong map doc tra 0, ghi khong co tac dung | C4: proposal §4.5 | D4: TC02 | E4: =SUMPRODUCT(--ISNUMBER(SEARCH(A4,Checks!$H$2:$H$155))) -> 4
A5: F04 | B5: rdata bi gate boi rd_en | C5: proposal §4.5, O4 | D5: TC02 | E5: =SUMPRODUCT(--ISNUMBER(SEARCH(A5,Checks!$H$2:$H$155))) -> 1
A6: F05 | B6: rdata hop le ngay trong cycle co rd_en (to hop, khong pipeline) | C6: proposal O4 | D6: TC02, TC04 | E6: =SUMPRODUCT(--ISNUMBER(SEARCH(A6,Checks!$H$2:$H$155))) -> 2
A7: F06 | B7: CR.pulse_en la WO: ghi 1 sinh dung 1 pulse, doc lai 0 | C7: spec §Register map | D7: TC03, TC04, TC07 | E7: =SUMPRODUCT(--ISNUMBER(SEARCH(A7,Checks!$H$2:$H$155))) -> 3
A8: F07 | B8: CR.count_clr la W1P: ghi 1 xoa, ghi 0 khong tac dung, doc lai 0, khong dinh muc | C8: spec §Functional behavior, O1 | D8: TC03, TC06, TC07 | E8: =SUMPRODUCT(--ISNUMBER(SEARCH(A8,Checks!$H$2:$H$155))) -> 5
A9: F08 | B9: Bit reserved cua CR ghi vao khong co tac dung | C9: proposal §2.3 | D9: TC03, TC07 | E9: =SUMPRODUCT(--ISNUMBER(SEARCH(A9,Checks!$H$2:$H$155))) -> 2
A10: F09 | B10: SR.cnt la RO, phan anh real-time count[2:0], ghi khong doi duoc | C10: spec §Functional behavior | D10: TC02, TC04, TC05 | E10: =SUMPRODUCT(--ISNUMBER(SEARCH(A10,Checks!$H$2:$H$155))) -> 16
A11: F10 | B11: SR.overflow la RW0C: ghi 0 clear, ghi 1 vo hieu, khong tu clear | C11: spec §Timing, proposal §4.4 | D11: TC04, TC05, TC07 | E11: =SUMPRODUCT(--ISNUMBER(SEARCH(A11,Checks!$H$2:$H$155))) -> 102
A12: F11 | B12: Bit reserved cua SR ghi vao khong co tac dung, doc 0 | C12: proposal §2.3 | D12: TC04, TC05, TC07 | E12: =SUMPRODUCT(--ISNUMBER(SEARCH(A12,Checks!$H$2:$H$155))) -> 97
A13: F12 | B13: Lenh ghi chi co tac dung khi wr_en = 1 | C13: proposal §4.1 | D13: TC06 | E13: =SUMPRODUCT(--ISNUMBER(SEARCH(A13,Checks!$H$2:$H$155))) -> 7
A14: F13 | B14: Reset bat dong bo dua SR doc ve 0 | C14: spec §Timing, O6 | D14: TC08 | E14: =SUMPRODUCT(--ISNUMBER(SEARCH(A14,Checks!$H$2:$H$155))) -> 5

Sheet Testcases
A1: ID | B1: Task trong bench | C1: Muc dich | D1: Feature | E1: So check | F1: PASS | G1: FAIL | H1: Ket qua
A2: TC01 | B2: tb_reg_reset_value | C2: Gia tri doc ve sau reset cua CR va SR | D2: F01 | E2: =COUNTIF(Checks!$A$2:$A$155,$A2) -> 3 | F2: =COUNTIFS(Checks!$A$2:$A$155,$A2,Checks!$G$2:$G$155,"PASS") -> 3 | G2: =COUNTIFS(Checks!$A$2:$A$155,$A2,Checks!$G$2:$G$155,"FAIL") -> 0 | H2: =IF(G2=0,"PASS","FAIL") -> PASS
A3: TC02 | B3: tb_reg_rd_path | C3: Duong doc: gate rd_en, alias dia chi, dia chi khong map, rdata to hop | D3: F02, F03, F04, F05, F09 | E3: =COUNTIF(Checks!$A$2:$A$155,$A3) -> 13 | F3: =COUNTIFS(Checks!$A$2:$A$155,$A3,Checks!$G$2:$G$155,"PASS") -> 13 | G3: =COUNTIFS(Checks!$A$2:$A$155,$A3,Checks!$G$2:$G$155,"FAIL") -> 0 | H3: =IF(G3=0,"PASS","FAIL") -> PASS
A4: TC03 | B4: tb_reg_cr_write | C4: CR la WO / W1P, bit reserved vo hai, count_clr khong dinh muc | D4: F06, F07, F08 | E4: =COUNTIF(Checks!$A$2:$A$155,$A4) -> 10 | F4: =COUNTIFS(Checks!$A$2:$A$155,$A4,Checks!$G$2:$G$155,"PASS") -> 10 | G4: =COUNTIFS(Checks!$A$2:$A$155,$A4,Checks!$G$2:$G$155,"FAIL") -> 0 | H4: =IF(G4=0,"PASS","FAIL") -> PASS
A5: TC04 | B5: tb_reg_sr_cnt_ro | C5: SR.cnt la RO va real-time; quet du 8 gia tri cnt | D5: F05, F09, F11 | E5: =COUNTIF(Checks!$A$2:$A$155,$A5) -> 14 | F5: =COUNTIFS(Checks!$A$2:$A$155,$A5,Checks!$G$2:$G$155,"PASS") -> 14 | G5: =COUNTIFS(Checks!$A$2:$A$155,$A5,Checks!$G$2:$G$155,"FAIL") -> 0 | H5: =IF(G5=0,"PASS","FAIL") -> PASS
A6: TC05 | B6: tb_reg_sr_ovf_rw0c | C6: SR.overflow la RW0C: set, ghi 1 vo hieu, ghi 0 clear, sticky | D6: F09, F10, F11 | E6: =COUNTIF(Checks!$A$2:$A$155,$A6) -> 8 | F6: =COUNTIFS(Checks!$A$2:$A$155,$A6,Checks!$G$2:$G$155,"PASS") -> 8 | G6: =COUNTIFS(Checks!$A$2:$A$155,$A6,Checks!$G$2:$G$155,"FAIL") -> 0 | H6: =IF(G6=0,"PASS","FAIL") -> PASS
A7: TC06 | B7: tb_reg_wr_en_gate | C7: Lenh ghi bi gate boi wr_en; doc/ghi dong thoi (ngoai spec) | D7: F12 | E7: =COUNTIF(Checks!$A$2:$A$155,$A7) -> 7 | F7: =COUNTIFS(Checks!$A$2:$A$155,$A7,Checks!$G$2:$G$155,"PASS") -> 7 | G7: =COUNTIFS(Checks!$A$2:$A$155,$A7,Checks!$G$2:$G$155,"FAIL") -> 0 | H7: =IF(G7=0,"PASS","FAIL") -> PASS
A8: TC07 | B8: tb_reg_bit_sweep | C8: Quet tung bit wdata tren CR va SR de bat lech bit-mapping | D8: F06, F07, F08, F10, F11 | E8: =COUNTIF(Checks!$A$2:$A$155,$A8) -> 94 | F8: =COUNTIFS(Checks!$A$2:$A$155,$A8,Checks!$G$2:$G$155,"PASS") -> 94 | G8: =COUNTIFS(Checks!$A$2:$A$155,$A8,Checks!$G$2:$G$155,"FAIL") -> 0 | H8: =IF(G8=0,"PASS","FAIL") -> PASS
A9: TC08 | B9: tb_reg_reset_async | C9: Reset bat dong bo assert giua cycle | D9: F01, F13 | E9: =COUNTIF(Checks!$A$2:$A$155,$A9) -> 5 | F9: =COUNTIFS(Checks!$A$2:$A$155,$A9,Checks!$G$2:$G$155,"PASS") -> 5 | G9: =COUNTIFS(Checks!$A$2:$A$155,$A9,Checks!$G$2:$G$155,"FAIL") -> 0 | H9: =IF(G9=0,"PASS","FAIL") -> PASS

Sheet Checks
A1: TC | B1: Task | C1: Check | D1: Ten check | E1: Expected | F1: Actual | G1: Ket qua | H1: Feature
A2: TC01 | B2: tb_reg_reset_value | C2: 1 | D2: CR reads 0 after reset | E2: 0x00000000 | F2: 0x00000000 | G2: PASS | H2: F01
A3: TC01 | B3: tb_reg_reset_value | C3: 2 | D3: SR reads 0 after reset | E3: 0x00000000 | F3: 0x00000000 | G3: PASS | H3: F01
A4: TC01 | B4: tb_reg_reset_value | C4: 3 | D4: SR still 0 after idle | E4: 0x00000000 | F4: 0x00000000 | G4: PASS | H4: F01
A5: TC02 | B5: tb_reg_rd_path | C5: 1 | D5: SR shows cnt=3 | E5: 0x00000003 | F5: 0x00000003 | G5: PASS | H5: F09
A6: TC02 | B6: tb_reg_rd_path | C6: 2 | D6: rd_en=0 gates rdata | E6: 0x00000000 | F6: 0x00000000 | G6: PASS | H6: F04
A7: TC02 | B7: tb_reg_rd_path | C7: 3a | D7: read 0x001 is not CR | E7: 0x00000000 | F7: 0x00000000 | G7: PASS | H7: F02
A8: TC02 | B8: tb_reg_rd_path | C8: 3b | D8: read 0x002 is not CR | E8: 0x00000000 | F8: 0x00000000 | G8: PASS | H8: F02
A9: TC02 | B9: tb_reg_rd_path | C9: 3c | D9: read 0x003 is not CR | E9: 0x00000000 | F9: 0x00000000 | G9: PASS | H9: F02
A10: TC02 | B10: tb_reg_rd_path | C10: 4a | D10: read 0x005 is not SR | E10: 0x00000000 | F10: 0x00000000 | G10: PASS | H10: F02
A11: TC02 | B11: tb_reg_rd_path | C11: 4b | D11: read 0x006 is not SR | E11: 0x00000000 | F11: 0x00000000 | G11: PASS | H11: F02
A12: TC02 | B12: tb_reg_rd_path | C12: 4c | D12: read 0x007 is not SR | E12: 0x00000000 | F12: 0x00000000 | G12: PASS | H12: F02
... A155: TC08 | B155: tb_reg_reset_async | C155: 4 | D155: DUT works after reset | E155: 0x00000001 | F155: 0x00000001 | G155: PASS | H155: F01, F13

Sheet Traceability
A1: Feature | B1: TC01 | C1: TC02 | D1: TC03 | E1: TC04 | F1: TC05 | G1: TC06 | H1: TC07 | I1: TC08 | J1: So TC phu
A2: F01 | B2: X | I2: X | J2: =COUNTIF(B2:I2,"X") -> 2
A3: F02 | C3: X | J3: =COUNTIF(B3:I3,"X") -> 1
A4: F03 | C4: X | J4: =COUNTIF(B4:I4,"X") -> 1
A5: F04 | C5: X | J5: =COUNTIF(B5:I5,"X") -> 1
A6: F05 | C6: X | E6: X | J6: =COUNTIF(B6:I6,"X") -> 2
A7: F06 | D7: X | E7: X | H7: X | J7: =COUNTIF(B7:I7,"X") -> 3
A8: F07 | D8: X | G8: X | H8: X | J8: =COUNTIF(B8:I8,"X") -> 3
A9: F08 | D9: X | H9: X | J9: =COUNTIF(B9:I9,"X") -> 2
A10: F09 | C10: X | E10: X | F10: X | J10: =COUNTIF(B10:I10,"X") -> 3
A11: F10 | E11: X | F11: X | H11: X | J11: =COUNTIF(B11:I11,"X") -> 3
A12: F11 | E12: X | F12: X | H12: X | J12: =COUNTIF(B12:I12,"X") -> 3
A13: F12 | G13: X | J13: =COUNTIF(B13:I13,"X") -> 1
A14: F13 | I14: X | J14: =COUNTIF(B14:I14,"X") -> 1
A16: Moi feature F01-F13 deu co it nhat mot testcase phu. Cot 'So TC phu' la cong thuc dem tren chinh hang do.

Sheet Coverage
A1: Hang muc | B1: Muc tieu | C1: Testcase
A2: Dia chi duoc truy cap | B2: 0x000, 0x004, alias 0x001-0x003 va 0x005-0x007, ngoai map 0x008 / 0x00C / 0x3FF | C2: TC02, TC04
A3: Gia tri SR.cnt doc duoc | B3: du 8 gia tri 0..7 | C3: TC04 check 1
A4: SR.overflow | B4: ca hai muc 0/1; chuyen 0->1 va 1->0; giu muc >= 5 cycle | C4: TC05
A5: To hop wr_en / rd_en | B5: 00, 01, 10, 11 | C5: TC02, TC06
A6: Bit wdata da quet | B6: toan bo 32 bit tren ca CR va SR | C6: TC07
A7: Reset | B7: 1 lan luc khoi dong + 1 lan giua cycle | C7: TC01, TC08

Sheet Mutation test
A1: Do kha nang phat hien loi cua bench - 7 bug tiem vao ban copy RTL
A3: ID | B3: Bug duoc tiem | C3: Ket qua | D3: TC bat duoc
A4: M1 | B4: CR.count_clr thanh bit RW co phan tu luu (pha O1) | C4: BAT DUOC | D4: TC03
A5: M2 | B5: rdata thanh co pipeline (pha O4) | C5: BAT DUOC | D5: TC02-TC08
A6: M3 | B6: SR.overflow: set de clear (pha O3) | C6: KHONG BAT DUOC | D6: -
A7: M4 | B7: Decode word-aligned, bo 2 bit thap (pha O5) | C7: BAT DUOC | D7: TC02
A8: M5 | B8: Reset thanh dong bo (pha O6) | C8: BAT DUOC | D8: TC08
A9: M6 | B9: SR.overflow tu clear khi co pulse ke tiep | C9: BAT DUOC | D9: TC04-TC08
A10: M7 | B10: SR.cnt readback lay tu flip-flop thay vi count real-time | C10: BAT DUOC | D10: TC04
A12: Ty le bat: | B12: =COUNTIF(C4:C10,"BAT DUOC")&"/"&COUNTA(C4:C10) -> 6/7
A13: Ca truot duy nhat la M3, dung nhu rui ro R1 da du doan: khong the dung va cham set/clear cua SR.overflow tren mot bus CPU don. Day la bang chung thuc nghiem cho R1, khong phai lo hong moi.

Sheet Risks
A1: ID | B1: Van de | C1: Ghi chu / huong xu ly
A2: R1 | B2: Khong tao duoc va cham set vs clear cua SR.overflow (O3) qua CPU bus: event overflow chi sinh trong cycle ghi CR, con lenh clear la ghi vao SR - hai dia chi khac nhau nen khong the cung mot cycle. | C2: Khong verify duoc o muc IP. Da xac nhan bang mutation test: bug 'set de clear' KHONG bi bat. Muon phu phai white-box hoac bench muc submodule.
A3: R2 | B3: CR khong readback nen moi ket luan ve lenh ghi CR la suy ra gian tiep qua SR. | C3: Chap nhan duoc voi thiet ke 4 flip-flop; bench muc submodule se khep lai neu can.
A4: R3 | B4: Tan so clock 10 ns la gia dinh cua bench, spec khong quy dinh. | C4: Khong anh huong ket qua functional vi moi check tinh theo cycle.
A5: R4 | B5: TC06 check 5-6 (doc/ghi dong thoi) kiem tra hanh vi NGOAI spec. | C5: Neu spec sau nay dinh nghia khac thi TC nay phai sua; no khong phai bang chung vi pham requirement.
